id,name,salary_from,salary_to,currency,published_at,archived,url,requirement,responsibility
93353083,Тестировщик комфорта квартир,350000,450000,RUR,2024-02-16T14:58:28+0300,False,https://hh.ru/applicant/vacancy_response?vacancyId=93353083,"Занимать активную жизненную позицию, уметь активно танцевать и громко петь. Обладать навыками коммуникации, чтобы налаживать добрососедские отношения. Обладать системным мышлением...","Оценивать вид из окна: встречать рассветы на кухне, и провожать алые закаты в спальне. Оценивать инфраструктуру района: ежедневно ходить на..."
92223756,Удаленный диспетчер чатов (в Яндекс),30000,44000,RUR,2024-01-25T17:37:04+0300,False,https://hh.ru/applicant/vacancy_response?vacancyId=92223756,Способен работать в команде. Способен принимать решения самостоятельно. Готов учиться и узнавать новое. Опыт работы в колл-центре или службе...,Работать с клиентами или партнерами для решения разнообразных ситуаций. Совершать звонки по их обращениям и давать письменные ответы. 
id,name,salary_from,salary_to,currency,published_at,archived,url,requirement,responsibility
93353083,Тестировщик комфорта квартир,350000,450000,RUR,2024-02-16T14:58:28+0300,False,https://hh.ru/applicant/vacancy_response?vacancyId=93353083,"Занимать активную жизненную позицию, уметь активно танцевать и громко петь. Обладать навыками коммуникации, чтобы налаживать добрососедские отношения. Обладать системным мышлением...","Оценивать вид из окна: встречать рассветы на кухне, и провожать алые закаты в спальне. Оценивать инфраструктуру района: ежедневно ходить на..."
92223756,Удаленный диспетчер чатов (в Яндекс),30000,44000,RUR,2024-01-25T17:37:04+0300,False,https://hh.ru/applicant/vacancy_response?vacancyId=92223756,Способен работать в команде. Способен принимать решения самостоятельно. Готов учиться и узнавать новое. Опыт работы в колл-центре или службе...,Работать с клиентами или партнерами для решения разнообразных ситуаций. Совершать звонки по их обращениям и давать письменные ответы. 
93353083,Тестировщик комфорта квартир,350000,450000,RUR,2024-02-16T14:58:28+0300,False,https://hh.ru/applicant/vacancy_response?vacancyId=93353083,"Занимать активную жизненную позицию, уметь активно танцевать и громко петь. Обладать навыками коммуникации, чтобы налаживать добрососедские отношения. Обладать системным мышлением...","Оценивать вид из окна: встречать рассветы на кухне, и провожать алые закаты в спальне. Оценивать инфраструктуру района: ежедневно ходить на..."
92223756,Удаленный диспетчер чатов (в Яндекс),30000,44000,RUR,2024-01-25T17:37:04+0300,False,https://hh.ru/applicant/vacancy_response?vacancyId=92223756,Способен работать в команде. Способен принимать решения самостоятельно. Готов учиться и узнавать новое. Опыт работы в колл-центре или службе...,Работать с клиентами или партнерами для решения разнообразных ситуаций. Совершать звонки по их обращениям и давать письменные ответы. 
110325178,Junior Developer,200000,200000,KZT,2024-11-07T14:51:09+0300,False,https://hh.ru/applicant/vacancy_response?vacancyId=110325178,"Знание <highlighttext>Python</highlighttext>. Умение работать в команде. Навыки верстки (HTML, CSS). Готовность быстро учиться и выполнять черновую работу.","Сервис по набору подписчиков. Мы разработали инструмент для воронок, проверки подписки и выдачи подарков, который помогает блогерам увеличивать аудиторию. "
108858682,Web-программист - стажер,0,0,0,2024-10-18T15:33:27+0300,False,https://hh.ru/applicant/vacancy_response?vacancyId=108858682,"Знать теорию тестирования, что такое тест планы, чек листы и протокол тестирования, свободно владеть ЯП <highlighttext>Python</highlighttext>, быть приспособленным к монотонной...",Как правильно работать с git-ом в команде. Писать автотесты на базе Selenium/<highlighttext>Python</highlighttext> (тестировщик). Создавать web-дизайны для реальных...
110397098,Junior+ Python разработчик,70000,120000,RUR,2024-11-08T11:12:33+0300,False,https://hh.ru/applicant/vacancy_response?vacancyId=110397098,"Уверенные знания <highlighttext>Python</highlighttext> (FastAPI). Опыт работы с: Асинхронностью. PostgreSQL. Умение работать с Docker, понимание что такое контейнеры. Опыт с GitLab. ",Разработка и поддержка новых функциональных модулей системы. Интеграция с внешними API сторонних систем. Оптимизация работы микросервисов и базы данных. 
109462684,QA Auto Python специалист с нагрузочным тестированием,200000,265000,RUR,2024-10-28T13:21:15+0300,False,https://hh.ru/applicant/vacancy_response?vacancyId=109462684,Опыт реализации проектов по нагрузочному тестированию. Отличное владение <highlighttext>Python</highlighttext> для написания и автоматизации нагрузочных тестов от 3х лет. ,Предстоит участвовать в разработке и запуске автоматизированных тестов. Анализ производительности и взаимодействии с командами разработки для устранения выявленных проблем. 
110364955,QA Engineer - SuperApp,0,0,0,2024-11-08T08:34:19+0300,False,https://hh.ru/applicant/vacancy_response?vacancyId=110364955,"AndroidStudio, XCode, Git (GitLab). Будет плюсом знания <highlighttext>Python</highlighttext> и ООП, request, allure, pytest, json, csv, os, re. Знание Selenium, SeleniumWebDriver...","Выполнение прогонов тест-кейсов по проекту. Разработка тестовых артефактов: чек-листы, чит-листы, тест-кейсы, планы тестирования. Фиксация и ведения..."
110412718,Junior Python Developer,65000,0,RUR,2024-11-08T12:32:14+0300,False,https://hh.ru/applicant/vacancy_response?vacancyId=110412718,"Базовые знания <highlighttext>Python</highlighttext>. Опыт написания REST приложений на любом <highlighttext>Python</highlighttext> фреймворке (Flask, FastAPI, Django и др.). Понимание основ SQL и...",
110412671,Python разработчик,0,0,0,2024-11-08T12:31:57+0300,False,https://hh.ru/applicant/vacancy_response?vacancyId=110412671,Коммерческий опыт разработки на <highlighttext>Python</highlighttext> – от 1 года. Хорошее знание Aiohttp. Понимание базовых принципов работы API и опыт взаимодействия с...,Анализ API-сторонних сервисов и доработка собственных. Реализация stateless микросервисов. Разработка внутренних библиотек. Оптимизация узких мест в основной архитектуре продукта.
110121148,Python-разработчик,130000,170000,RUR,2024-11-05T12:44:48+0300,False,https://hh.ru/applicant/vacancy_response?vacancyId=110121148,"Опыт разработки на <highlighttext>Python</highlighttext> от 2 лет. Опыт работы с библиотеками для обработки PDF, Excel, DWG данных. Навыки работы с...","Разработка Telegram-бота с использованием библиотеки <highlighttext>python</highlighttext>-telegram-bot. Настройка команд для загрузки и обработки файлов (PDF, Excel, DWG). "
110414678,Middle+ Тестировщик,0,250000,RUR,2024-11-08T12:42:32+0300,False,https://hh.ru/applicant/vacancy_response?vacancyId=110414678,Выбирать методы и инструменты тестирования. Есть опыт тестирования Web-приложений и АPI. Хорошо знаешь и понимаешь техники тест-дизайна.,"Продукт, отвечающий за цифровую бухгалтерию для маркетплейсов. Планировать тестирование. Создавать тестовые случаи и сценарии. Проводить ручное тестирование. Автоматизировать регрессионное тестирование. "
110429201,Junior Java Developer,50000,70000,RUR,2024-11-08T15:38:31+0300,False,https://hh.ru/applicant/vacancy_response?vacancyId=110429201,"Знание основных шаблонов проектирования. Умение читать чужой код. Знание Spring, Hibernate. Опыт программирования на языках PHP, Ruby или <highlighttext>Python</highlighttext>. Ответственность. ",Разработка нового и поддержка существующего функционала сервиса. Участие в разработке мобильных приложений сервиса.
110134917,Python/Django Junior Backend-разработчик,60000,90000,RUR,2024-11-08T15:15:55+0300,False,https://hh.ru/applicant/vacancy_response?vacancyId=110134917,"Наличие примеров работ в git. Опыт работы с асинхронным <highlighttext>python</highlighttext>. Опыт деплоя проектов. Опыт работы с celery, redis, docker, supervisor.",Участвовать в проектировании базы данных. Создавать интеграции с внешними сервисами. Дорабатывать существующие скрипты. Писать SQL-запросы. Разрабатывать админку и REST...
110324773,ГИС специалист,117000,117000,RUR,2024-11-07T14:44:58+0300,False,https://hh.ru/applicant/vacancy_response?vacancyId=110324773,"...геодезической, землеустроительной нефтегазовой сфере. Знакомы с пространственными базами данных и публикацией сервисов. Имеете опыт составления SQL-запросов и знаете <highlighttext>Python</highlighttext>).","Работа с массивами данных в ГИС, сопровождение, наполнение и актуализация базы пространственных данных по объектам ПАО «Транснефть». Сбор, обработка, структурирование..."
110336864,Middle Python Developer,0,0,0,2024-11-07T18:16:47+0300,False,https://hh.ru/applicant/vacancy_response?vacancyId=110336864,Опыт разработки 3-х лет в коммерческих проектах с применением веб-сервисов. Отличное знание языка <highlighttext>Python</highlighttext>. Понимание того как делаются...,"Разработка веб-сервисов: мобильное API, API для web-приложения (админка), разработка интеграционных и служебных сервисов. Реализация сервисов с использованием потоковой..."
110110217,QA engineer,0,0,0,2024-11-05T10:57:20+0300,False,https://hh.ru/applicant/vacancy_response?vacancyId=110110217,"...части совершенствования процессов тестирования. Желание развиваться в автоматизации тест кейсов (Java или <highlighttext>Python</highlighttext>). Самостоятельность. Опыт автоматизации тест кейсов (Java, <highlighttext>Python</highlighttext>).","Выполнять функциональное тестирование веб- и мобильных приложений. Анализировать и тестировать требования. Писать тестовую документацию: чек-листы, тест-планы и тест..."
110411464,Разработчик Django / Python,450,700,USD,2024-11-08T12:25:23+0300,False,https://hh.ru/applicant/vacancy_response?vacancyId=110411464,Опыт разработки на <highlighttext>Python</highlighttext> и Django от 2 лет. Понимание принципов ООП и опыт применения их в реальных проектах. ,Разработка и поддержка веб-приложений на Django и <highlighttext>Python</highlighttext>. Участие в проектировании и улучшении архитектуры проектов. Оптимизация производительности и обеспечение...
110325720,Backend-разработчик,0,0,0,2024-11-07T14:58:46+0300,False,https://hh.ru/applicant/vacancy_response?vacancyId=110325720,Опыт коммерческой разработки на <highlighttext>Python</highlighttext> от 2 лет. Глубокое знание Django или FastAPI. Опыт работы с PostgreSQL и проектированием баз...,Разработка и поддержка серверной части веб-приложений на <highlighttext>Python</highlighttext>. Проектирование и оптимизация баз данных. Создание и поддержка REST API. 
108794013,Senior/Middle+ Backend Developer,0,0,0,2024-10-17T12:34:13+0300,False,https://hh.ru/applicant/vacancy_response?vacancyId=108794013,Разрабатывали коммерческие приложения не менее 5 лет. Качественно тестируете свой код и свободно работаете с чужим. Разбираетесь в классических алгоритмах...,Поддерживали программное обеспечение от написания до выкладки в продакшен. Умеете мониторить работу готового ПО и оперативно реагировать на проблемы. 
110336628,Инженер-тестировщик,0,0,0,2024-11-07T18:04:57+0300,False,https://hh.ru/applicant/vacancy_response?vacancyId=110336628,"Понимание процесса тестирования, роли тестировщика в команде, знание теории тестирования. Базовые знания <highlighttext>Python</highlighttext>. Опыт работы с ADB. Знание SQL на...","Фиксация обнаруженных дефектов в баг-трекере (Jira). Верификация и валидация исправленных дефектов. Тест-анализ, работа с аналитикой, техническими и бизнес..."
110305715,Специалист по тестированию ПО (middle)/QA,0,0,0,2024-11-07T11:47:44+0300,False,https://hh.ru/applicant/vacancy_response?vacancyId=110305715,"Понимание техник тест-дизайна, опыт разработки тестовой документации, умение анализировать спецификации. Опыт практического использования теории тестирования для составления наборов тест...",Работать с большой и сложной системой с непростой архитектурой и местами с не слишком хорошо структурированной базой знаний. 
109756686,Младший Python разработчик,0,0,0,2024-10-31T14:49:55+0300,False,https://hh.ru/applicant/vacancy_response?vacancyId=109756686,"Образование В/НВ в ведущих российских ВУЗах. Знание <highlighttext>Python</highlighttext> и SQL. Хорошие аналитические способности, ориентированность на результат.","Разработка и поддержка веб/десктоп-приложений: разработка функциональности, модулей, компонентов и интерфейсов с использованием различных языков программирования и технологий. "
110383575,Стажер (IT и аналитика),63500,0,RUR,2024-11-08T10:08:32+0300,False,https://hh.ru/applicant/vacancy_response?vacancyId=110383575,"Высшее образование или студенты последних курсов по специальностям: статистика, математика, экономика, IT. Знание MS Excel. Опыт работы в 1С...",Выполнение функций по документообороту. Выгрузка отчетов в 1С. Полный цикл ведения контрактов с аптечными сетями и производителями. 
110286973,Руководитель IT департамента (CTO/CIO),0,0,0,2024-11-07T09:22:33+0300,False,https://hh.ru/applicant/vacancy_response?vacancyId=110286973,"Стек языков: PHP5, PHP7, PHP8, <highlighttext>Python</highlighttext>, Perl, Go, JS, Kotlin, Java, C-Object, Swift. Стек серверный технологий...","Техническое управление проектами(продуктами) компании, решение возникающих проблем, согласование принимаемых архитектурных решений, разбор инцидентов, оптимизация инфраструктуры. Участие во встречах по..."
110286826,Intern Data Analyst / Стажер - аналитик данных,100000,0,RUR,2024-11-07T09:20:15+0300,False,https://hh.ru/applicant/vacancy_response?vacancyId=110286826,"Previous experience with some of the following tools would be considered an advantage: scientific or statistical computing (<highlighttext>Python</highlighttext>, R), SQL...","Demonstrate use of data visualization (Power BI, Excel), and analytic tools (<highlighttext>Python</highlighttext>, R, SQL, KNIME). Collaborate with multifunctional teams (Marketing..."
108444291,Младший Back-end разработчик,80000,100000,RUR,2024-11-06T09:12:58+0300,False,https://hh.ru/applicant/vacancy_response?vacancyId=108444291,"Языки программирования <highlighttext>Python</highlighttext>/Golang, C#. Понимание принципа работы REST API, HTTP и клиент-серверной архитектуры. Знание основ работы с реляционными...","Разработка микросервисов, которые обеспечивают работу разных частей большого проекта, например, обработку платежей или отправку уведомлений. Разработка REST API для обеспечения..."
109139039,Тестировщик,0,0,0,2024-11-07T13:02:06+0300,False,https://hh.ru/applicant/vacancy_response?vacancyId=109139039,Умение фиксировать результат тестирования и ошибки в понятном для разработчиков виде. Проведение review тестов. Знание <highlighttext>Python</highlighttext> - как преимущество.,Написание тестов к разрабатываемым системам и сервисам. Формирование правил тестирования и сценариев тестирования. Участие в приемке и передаче нового функционала. 
110332213,Стажер / Аналитик данных,0,0,0,2024-11-07T16:32:18+0300,False,https://hh.ru/applicant/vacancy_response?vacancyId=110332213,Имеете опыт работы с базами данных. Знаете и работаете с SQL и <highlighttext>Python</highlighttext> (желательно). Имеете опыт взаимодействия с системами класса...,Отдел информационных систем:
110352216,Python-разработчик,0,0,0,2024-11-08T06:30:33+0300,False,https://hh.ru/applicant/vacancy_response?vacancyId=110352216,"Postgresql/Mysql;CSS - Bootstrap, Foundation, Materialize, препроцессоры SASS/SCSS/LESS. Асинхронное программирование на <highlighttext>Python</highlighttext> 3 (Asyncio, Twisted, etc..). ","Разработка и поддержка собственных web-сервисов компании, внутренние технологические решения. Анализ требований и выявление потребностей конечных пользователей. Проработка архитектуры проектов..."
109974119,Программист Python,50000,100000,RUR,2024-11-02T19:03:14+0300,False,https://hh.ru/applicant/vacancy_response?vacancyId=109974119,Хорошее знание <highlighttext>Python</highlighttext>. Хорошее знание SQL (умение писать сложные SQL-запросы). Опыт работы не обязателен — достойной альтернативной будет образование в...,"...Backend-проекта на <highlighttext>Python</highlighttext> в рамках поставленных задач (добавление нового функционала, исправление ошибок, рефакторинг). Проект на нативном <highlighttext>Python</highlighttext> без фреймворков. "
109787570,Директор по информационным технологиям (CIO),1000000,0,RUR,2024-10-31T18:53:16+0300,False,https://hh.ru/applicant/vacancy_response?vacancyId=109787570,Arch based linux - будет большим плюсом. Bash scripts (скрипты) - профи. <highlighttext>Python</highlighttext> базовые знания - будет большим плюсом. Ansible - будет большим плюсом. ,Руководство коллективом (в функциональном подчинении команда из 5 сисадминов из разных компаний). Разработки и реализация ИТ и ИБ стратегии предприятий. 
110259069,QA Engineer (Backend),0,150000,RUR,2024-11-06T16:40:25+0300,False,https://hh.ru/applicant/vacancy_response?vacancyId=110259069,Имеешь коммерческий опыт тестирования от 2 лет. Имеешь опыт работы на проекте с микросервисной архитектурой. Имеешь навыки работы с Postman...,Одна из ключевых команд — команда Search — занимается поисковой выдачей: определяет логику показа номерного фонда отелей и определяет правила скидок. 
110336167,"Тестировщик QA/AQA (middle, senior, удалённо)",80000,250000,RUR,2024-11-07T17:51:24+0300,False,https://hh.ru/applicant/vacancy_response?vacancyId=110336167,"Разрабатывать новые и поддерживать существующие функциональные автотесты (<highlighttext>Python</highlighttext>/Java/C#/JavaScript/Ruby). Продвинутые знания: <highlighttext>Python</highlighttext>, PyTest, Selenium. Опыт и навыки...","Топ-7 студия по России по работе с некоммерческими и гос.организациями. Функциональным, регрессионным и интеграционным тестированием. Участвовать в организации и..."
110235481,Python-API разработчик,100000,150000,RUR,2024-11-06T12:46:39+0300,False,https://hh.ru/applicant/vacancy_response?vacancyId=110235481,"Учитывая специфику и особенности, мы сможем обеспечить для Вас. Специалиста со знанием <highlighttext>Python</highlighttext> c опытом написания интеграционных сервисов. ","Компания ""Делис Инфо"" (включена в реестр отечественных ИТ-компаний) создает и развивает на российском рынке линейку продуктов собственной разработки по..."
110219578,Junior IT специалист | Младший аналитик | Системный аналитик,80000,140000,RUR,2024-11-06T11:32:46+0300,False,https://hh.ru/applicant/vacancy_response?vacancyId=110219578,"Высшее образование (желательно техническое или математическое). Плюсом будет знание языков программирования (например, SQL, <highlighttext>Python</highlighttext>). Понимание принципов работы реляционных баз данных. ",Сбор и анализ требований к системам. Разработка технических заданий. Участие в проектировании систем. Тестирование программного обеспечения.
108457731,DevOps-инженер,200000,400000,RUR,2024-10-10T11:52:26+0300,False,https://hh.ru/applicant/vacancy_response?vacancyId=108457731,"Умение применять инструменты для работы с IaC (Ansible, Terraform). Понимание практик безопасной разработки (SSDL). Опыт разработки на языках <highlighttext>Python</highlighttext>, Go...","Участие в развитии практик DevOps в команде. Обеспечение CI/CD процессов (разработка pipeline, разворачивание сред). Администрирование инфраструктуры (PostgreSQL, Redis, Keyсloak..."
110332334,Python Backend Developer Middle,150000,0,RUR,2024-11-07T16:34:27+0300,False,https://hh.ru/applicant/vacancy_response?vacancyId=110332334,Опыт коммерческой разработки на <highlighttext>Python</highlighttext> от 2 лет. Уверенное знание FastAPI/Django/Flask. Опыт работы с микросервисной архитектурой. ,Разработка и поддержка микросервисной архитектуры. Создание и оптимизация backend-сервисов на <highlighttext>Python</highlighttext>. Интеграция с внешними API и сервисами. 
108811289,Senior Backend Developer (Python),0,0,0,2024-10-17T16:39:16+0300,False,https://hh.ru/applicant/vacancy_response?vacancyId=108811289,Опыт построения высоконагруженных сервисов и обеспечения их доступности и надёжности. Опыт разработки на <highlighttext>Python</highlighttext> от 3-х лет. ,Разрабатывать новые сервисы и активно участвовать в переходе на cloud native архитектуру. Проектировать архитектуру новых сервисов и оптимизировать производительность текущих. 
110262826,Junior+ Python/Go разработчик,70000,110000,RUR,2024-11-06T17:46:48+0300,False,https://hh.ru/applicant/vacancy_response?vacancyId=110262826,"Опыт коммерческой разработки от 1 года. Владение <highlighttext>Python</highlighttext> 2/3. Владение (My)SQL, конкретно. Написать запросы, достаточные для CRUD (SELECT...","Написание и поддержка интеграций (<highlighttext>Python</highlighttext>2, MySQL, SOAP/REST). Поддержка и развитие существующих клиент-серверных продуктов (<highlighttext>Python</highlighttext> 3 + FastApi..."
109221893,"Middle QA manual engineer (онлайн-кинотеатр Premier, Матч ТВ, сайты телеканалов)",0,0,0,2024-10-24T13:24:30+0300,False,https://hh.ru/applicant/vacancy_response?vacancyId=109221893,"Опыт работы с инструментами подмены/изменения запросов (снифферы) - Fiddler, Charles Proxy. Опыт ручного тестирования бэкенд части приложений (REST API, Postman...","Проведение тестирования нового функционала, интеграционного и регрессионного тестирования. Участие во встречах по оценке сложности задач. Написание тест-кейсов и чеклистов. "
110262015,Web Backend Developer (Python),0,0,0,2024-11-06T17:26:57+0300,False,https://hh.ru/applicant/vacancy_response?vacancyId=110262015,"Уверенное владение <highlighttext>Python</highlighttext> (от 3 лет). Опыт работы с Flask, понимание его экосистемы и лучших практик разработки. Знание и опыт...",Разработка и поддержка веб-приложений на Flask. Интеграция с внешними API и внутренними сервисами. Оптимизация производительности приложений. Работа с базами...
110416959,Backend Developer (Python/FAST API),0,0,0,2024-11-08T12:57:57+0300,False,https://hh.ru/applicant/vacancy_response?vacancyId=110416959,"Уверенное владение <highlighttext>Python</highlighttext> (FAST API и Flask). Опыт работы с highload сервисами. Понимание DjangoORM и миграций. Опыт разработки API, работы...","Помогать выстраивать процессы в команде (стандарты и ревью кода, тесты, демо, ретро и т.д.). Разрабатывать новые продуктовые фичи, поступающие..."
110117743,Python Developer,0,0,0,2024-11-05T12:21:15+0300,False,https://hh.ru/applicant/vacancy_response?vacancyId=110117743,"<highlighttext>Python</highlighttext> - flask/aiohttp/django, requests, SQLAlchemy, asyncio. Базовые навыки работы в cli, bash/zsh - SQL - написание сложных запросов (оконные функции...","Разработка скриптов для обработки кредитных заявок (Java, <highlighttext>Python</highlighttext>, SQL). Интеграция новых источников данных (БКИ, телеком, различные реестры). Оптимизация и рефакторинг..."
109214915,Стажер в отдел тестирования,0,0,0,2024-10-24T11:56:50+0300,False,https://hh.ru/applicant/vacancy_response?vacancyId=109214915,"Желателен опыт работы с Jira\Confluence. Желателен опыт в написании скриптов (Shell, <highlighttext>Python</highlighttext>). Желателен опыт работы с системами контроля версий...","Выполнение ручного функционального тестирования новых версий продукта. Тестирование графических и консольных интерфейсов. Регистрация выявленных ошибок, описание и определение условий возникновения..."
110337472,Младший аналитик,0,0,0,2024-11-07T18:48:57+0300,False,https://hh.ru/applicant/vacancy_response?vacancyId=110337472,"Высшее образование или проходишь последние курсы обучения (предпочтительно: математика, статистика, информатика). Готовность работать полный день в офисе 5/2 (для...","Разработка веб-форм для онлайн-опросов в нашем ПО с использованием скриптов. Работа с базами данных, полученных в ходе опросов..."
110037650,Junior Тестировщик/QA Engineer,60000,0,RUR,2024-11-04T10:40:24+0300,False,https://hh.ru/applicant/vacancy_response?vacancyId=110037650,Понимание структуры web-приложений. Знание английского языка B1. Умение работать с командой. Умение составлять ТЗ. Postman. DevTools. Figma. ,"Тестирование сайтов, мобильных приложений и API в соответствии с ТЗ. Анализировать ТЗ к разрабатываемому продукту. Написание Bug-репортов."
110038797,Python-разработчик (Junior),150000,180000,RUR,2024-11-07T11:36:47+0300,False,https://hh.ru/applicant/vacancy_response?vacancyId=110038797,Базовые знания <highlighttext>Python</highlighttext>. Знание основ работы с FastAPI. Знание основ работы с PostgreSQL (MongoDB будет плюсом). Понимание принципов REST. ,Участие в разработке и поддержке веб-приложений на <highlighttext>Python</highlighttext>. Помощь в интеграции сторонних сервисов и API. Поддержка существующего кода и...
110310787,Стажер IT,0,0,0,2024-11-07T12:23:55+0300,False,https://hh.ru/applicant/vacancy_response?vacancyId=110310787,"Аналитический склад ума, ответственность, исполнительность. Знания языков программирования: VBA, SQL, <highlighttext>Python</highlighttext>, C++, C#.","Участие в поддержке, настройке и разработке системы TDM Navigator."
109974390,Начинающий DevOps-инженер / Стажёр,50000,120000,RUR,2024-11-02T19:43:47+0300,False,https://hh.ru/applicant/vacancy_response?vacancyId=109974390,Тестовый отбор — выполнение кандидатами задач на знание базовых linux команд. Успешно прошедшие тестовые задания кандидаты переходят ко второму этапу.,"Зачисление в штат. Вашими должностными обязанностями будет: Перенос приложений в систему оркестрации Kubernetes; Автоматизация процессов разработки, тестирования и сборки релизного..."
110277431,Специалист по обработке данных в Excel (в Новосибирске),0,0,0,2024-11-07T05:50:07+0300,False,https://hh.ru/applicant/vacancy_response?vacancyId=110277431,"Знание Excel на продвинутом уровне (сложные формулы, сводные таблицы и т.д.), Power Query. Основы Power BI, <highlighttext>Python</highlighttext>.","Транспортная Компания ""ЯН"" — предоставление транспортных логистических услуг! Работа с данными в Excel (сводные таблицы), подробности при личной встрече."
110261481,QA Engineer,0,0,0,2024-11-06T17:18:48+0300,False,https://hh.ru/applicant/vacancy_response?vacancyId=110261481,"4. Базовое понимание принципов ООП. 5. Плюсом будет опыт работы с автотестами. Желательно: * знание стэка: <highlighttext>Python</highlighttext>, FastAPI, PostgreSQL, VueJS, JS.","Разрабатываем собственную платформу для управления видео и аудио информацией в магазинах, на транспорте, кафе и ресторанах. Занимаемся как доставкой и..."
110325608,Python Developer,0,0,0,2024-11-07T14:57:11+0300,False,https://hh.ru/applicant/vacancy_response?vacancyId=110325608,Опыт работы на позиции разработчика от 2х лет. Отличное знание <highlighttext>Python</highlighttext>. Отличное знание SQL. Отличное знание алгоритмов и структур...,"Участвовать в разработке продукта: декомпозиция, оценка задач и их реализация. Взаимодействовать с членами команды, интеграторами платформ, заказчиками. Участвовать в разработке..."
110319598,Программист на Python,0,0,0,2024-11-07T13:38:48+0300,False,https://hh.ru/applicant/vacancy_response?vacancyId=110319598,Знание основ SQL. Опыт работы с реляционной БД (желательно PostgreSQL). Понимание как работает асихронность в <highlighttext>python</highlighttext>. Желание развивать профессиональные навыки.,Написание backend части корпоративных сервисов на <highlighttext>Python</highlighttext>. Разработка новых и поддержка существующих сервисов. Участие в принятии архитектурных решений по проектам. 
110335772,Младший аналитик данных / Junior data analyst,0,0,0,2024-11-07T17:42:32+0300,False,https://hh.ru/applicant/vacancy_response?vacancyId=110335772,"Хороший SQL (PostgreSQL или MySQL, будет плюсом Clickhouse или другой диалект для работы с колоночной базой данных). - <highlighttext>Python</highlighttext> для анализа...",Решением задач бизнеса с помощью аналитики и BI. - Разработкой и реализацией моделей и алгоритмов обработки данных. - Созданием и поддержкой дэшбордов...
110142668,QA Engineer,0,0,0,2024-11-05T16:50:17+0300,False,https://hh.ru/applicant/vacancy_response?vacancyId=110142668,"Опыт в Web-тестировании. Опыт работы с API (Postman). Опыт работы с инструментами: DevTools, Postman. Знание Linux. Знание <highlighttext>Python</highlighttext>.","Тестирование Web-приложений. Тестирование API (Postman). Создание тестовой документации (тест-кейсы, планы тестирования, чек-листы, матрицы покрытия требований). Анализ требований. "
110288102,Middle Python Developer,180000,260000,RUR,2024-11-07T09:39:51+0300,False,https://hh.ru/applicant/vacancy_response?vacancyId=110288102,"Опыт асинхронного программирования в <highlighttext>Python</highlighttext>, опыт связывания асинхронного и синхронного кода. Опыт в применении аннотаций типов в <highlighttext>Python</highlighttext>. Знание <highlighttext>python</highlighttext>...",Развитие существующих и разработка новых приложений в рамках продуктов компании. Оценка производительности. Поиск узких мест. Оптимизация кода. Написание технических спецификаций. 
109070514,Тестировщик / manual QA,0,0,0,2024-10-22T15:24:14+0300,False,https://hh.ru/applicant/vacancy_response?vacancyId=109070514,"Умение работать с большими объемами тестовых данных и тестовой документацией. Знание <highlighttext>Python</highlighttext> (самостоятельное написание, запуск, анализ, актуализация автотестов). ",Анализ и тестирование требований. Разработка тестовых сценариев для ручного (90%) и автоматизированного (10%) тестирования. Функциональное и нефункциональное тестирование web и...
110404251,Инженер по тестированию (Middle),0,0,0,2024-11-08T11:46:19+0300,False,https://hh.ru/applicant/vacancy_response?vacancyId=110404251,"SQL на базовом уровне. Имеете опыт интеграционного тестирования web, знание инструментов. Имеете базовые знания программирования (<highlighttext>python</highlighttext> в приоритете).","Тестирование продукта в рамках задач. Регрессионное тестирование. Взаимодействие с командами разработки, технической поддержки, автоматизации тестирования."
110130854,Стажер в Группу аналитики данных,0,0,0,2024-11-05T14:30:14+0300,False,https://hh.ru/applicant/vacancy_response?vacancyId=110130854,"Знание SQL (SELECT + JOIN + GROUPBY + Subqueries + UNION). Знание <highlighttext>Python</highlighttext> для анализа данных (pandas, numpy, plotly). ","Сбор и анализ требований заказчиков аналитики. Создание, корректировка и актуализация дашбордов в BI-системе компании. Осуществление ad-hoc аналитики. "
108689213,Prompt-engineer,100000,300000,RUR,2024-11-08T16:11:15+0300,False,https://hh.ru/applicant/vacancy_response?vacancyId=108689213,"Опыт в разработке. Будет плюсом: Знание <highlighttext>Python</highlighttext>/JavaScript. Опыт работы с моделями различной размерности 7b, 70b. ",Разработка и настройка чат-ботов на основе LLM в визуальном редакторе. Построение логики работы чат-ботов в соответствии с требованиями...
110264524,Junior разработчик Kotlin / Java,250,500,USD,2024-11-06T18:32:23+0300,False,https://hh.ru/applicant/vacancy_response?vacancyId=110264524,"...технологии (по убыванию приоритетности: PHP, <highlighttext>Python</highlighttext>, C#). Уверенное владение PHP (можно без объектного подхода), <highlighttext>Python</highlighttext>. Знание HTML/CSS/Java Script...","Разработка back-end для мобильных приложений, возможен минимальный front (без особой критики по дизайну и пр.). Android Studio/Kotlin, знание..."
110430976,Data analyst / аналитик данных (Junior),0,0,0,2024-11-08T15:55:18+0300,False,https://hh.ru/applicant/vacancy_response?vacancyId=110430976,"Аналитические способности, умение находить нужные данные и задавать правильные вопросы к данным. <highlighttext>Python</highlighttext>. Навыки визуализации данных. Релевантный опыт. ","Регулярная подготовка аналитических отчетов по результатам маркетинговых кампаний и по продуктовой аналитике. Участие в создании инфраструктуры для сбора, хранения и..."
110382689,Python-developer,175000,0,RUR,2024-11-08T10:04:03+0300,False,https://hh.ru/applicant/vacancy_response?vacancyId=110382689,"Делать лучший продукт в России. Уверенные знания <highlighttext>Python</highlighttext>, ООП. Опыт работы с PostgreSQL: построение оптимальных sql-запросов (без использования ORM...",Разработка высоконагруженного финансового приложения. - Реализация сервиса доставки. - Развитие и сопровождение высоконагруженного приложения фиксации активности пользователей.
110337950,Лингвист,0,0,0,2024-11-07T19:27:03+0300,False,https://hh.ru/applicant/vacancy_response?vacancyId=110337950,"Дополнительными плюсами будут: Владение языком регулярных выражений (regexp). Опыт работы с ОС Linux, с языками Bash, <highlighttext>Python</highlighttext>, Lua.","Кастомизация технологий контентного анализа под требования заказчика. Работа с заказчиками, телефонные переговоры, встречи в режиме ВКС, выезды, командировки (редко). "
110420382,Разработчик ботов/удаленка/в штат,40000,0,RUR,2024-11-08T13:46:26+0300,False,https://hh.ru/applicant/vacancy_response?vacancyId=110420382,"Желательно знание языка программирования <highlighttext>Python</highlighttext> / JavaScript и основных библиотек для работы с чат-ботами, таких как <highlighttext>python</highlighttext>-telegram-bot, Flask...","Разработка телеграмм-ботов, вотсап-ботов, разной направленности: Чат-боты. Юзер-боты. Настройка интеграций с системой AMO CRM Интеграция ИИ. Парсеры. "
110372046,"Разработчик Python, Django",80000,0,RUR,2024-11-08T09:08:24+0300,False,https://hh.ru/applicant/vacancy_response?vacancyId=110372046,"Вы получаете востребованный опыт на современном стеке, развитие в кругу единомышленников. Ключевое требование - уверенные знания <highlighttext>Python</highlighttext>, Django на проектах с...","На текущий момент реализовали дата-ядро системы на стеке PostgreSQL, <highlighttext>Python</highlighttext>, Datalens. Уперлись в большое количество ручных операций и приняли..."
110425944,Python developer / Python разработчик,0,0,0,2024-11-08T15:10:17+0300,False,https://hh.ru/applicant/vacancy_response?vacancyId=110425944,Опытом разработки на <highlighttext>Python</highlighttext>3. Глубокими знаниями и практическим опытом работы с Asyncio. Уверенными знаниями Linux. Умением работать в команде...,Разработка и поддержка приложений на <highlighttext>Python</highlighttext>3 с использованием Asyncio. Оптимизация существующего кода и улучшение производительности приложений. Взаимодействие с командой...
109077437,Финансовый аналитик,400000,0,RUR,2024-11-07T18:57:47+0300,False,https://hh.ru/applicant/vacancy_response?vacancyId=109077437,"Высшее образование в области экономики/математики. Продвинутый уровень владения MS Excel (обязательно). Навыки SQL, <highlighttext>Python</highlighttext> (желательно). Базовое понимание МСФО и...",Построение и поддержка финансовых моделей компании. Подготовка бюджета компании на полугодовой основе и план-факт анализ на ежемесячной основе. 
97655002,Data Analyst,0,0,0,2024-10-19T19:11:34+0300,False,https://hh.ru/applicant/vacancy_response?vacancyId=97655002,"Знание SQL (представления, вложенные запросы, обобщенные табличные выражения, оконные функции, джойны и группировки). Знание <highlighttext>Python</highlighttext> и основных библиотек для обработки...","Платформы хранения и анализа данных (DWH/BI). Системы принятия решений и управления рисками. Аналитические и операционные CRM. ORACLE DB, MS..."
110153452,Python Developer в Краткосрочную аренду,0,0,0,2024-11-05T17:45:11+0300,False,https://hh.ru/applicant/vacancy_response?vacancyId=110153452,"Имеете опыт разработки на <highlighttext>Python</highlighttext> 3.X. Понимаете механику языка <highlighttext>Python</highlighttext> и сопутствующих инструментов (pytest, mypy, poetry, flake8). ","Реализовывать высоконагруженные и производительные сервисы на <highlighttext>Python</highlighttext>. Участвовать в проектировании архитектуры, выработке решений по отказоустойчивости и производительности. Интегрироваться с партнерами..."
108275731,Тестировщик ПО,90000,140000,RUR,2024-11-06T12:45:45+0300,False,https://hh.ru/applicant/vacancy_response?vacancyId=108275731,"Знание bash, <highlighttext>python</highlighttext>, sql. Умение писать скрипты на Bash для автоматизации тестирования. Опыт написания тестов и автоматизации тестирования на <highlighttext>Python</highlighttext>. ",Тестирование и сопровождение системы документооборота (госсектор). - Разработка сценариев тестирования с применением <highlighttext>python</highlighttext> и sql. - Тестирование микросервисов. - Поиск и устранение ошибок...
110265443,Data аналитик,120000,180000,RUR,2024-11-06T19:31:57+0300,False,https://hh.ru/applicant/vacancy_response?vacancyId=110265443,Анализировали данные на SQL и <highlighttext>Python</highlighttext>. Знаете статистику и базу для A/B-тестирования. Проверяете результаты и качество своей работы. ,Искать точки роста и возможности для оптимизации процессов работы с данными для всех департаментов компании. Участвовать в построении DWH. 
109189148,Разработчик Python,0,0,0,2024-10-24T08:42:18+0300,False,https://hh.ru/applicant/vacancy_response?vacancyId=109189148,"Навыки, которыми нужно владеть: Опыт разработки <highlighttext>Python</highlighttext> от 3-х лет. Понимание OS Linux на уровне администратора. Умение работать в...",Участие в разработке современного решения на стыке сетевых технологий и продуктов в области кибербезопасности. Разработка модулей управления фаерволом под Linux. 
108800548,Junior Python developer,0,0,0,2024-10-17T14:03:15+0300,False,https://hh.ru/applicant/vacancy_response?vacancyId=108800548,"Опыт работы с <highlighttext>Python</highlighttext>, SQL обязателен. Использование в своих проектах/пет-проектах асинхронные фреймворки (fastapi, aiohttp). Опыт работы с одной...","Когда-то Циан был просто таблицей в Excel, в которой хранились квартиры, выставленные на продажу. Сейчас это самый большой маркетплейс..."
108828750,Backend разработчик,90000,0,RUR,2024-10-18T09:32:09+0300,False,https://hh.ru/applicant/vacancy_response?vacancyId=108828750,Знание SQL. Опыт проектирования БД от 1 года. Опыт работы с какой либо СУБД (желательно PostgreSQL). Навыки алгоритмизации. ,Анализ задач и проектирование под них БД. Разработка бизнес логики под требования компании (имеется собственная платформа). Внедрение и поддержка новых...
110287206,Junior QA,0,0,0,2024-11-07T09:26:43+0300,False,https://hh.ru/applicant/vacancy_response?vacancyId=110287206,Внимательность к деталям. Знание жизненного цикла ПО. Знание <highlighttext>Python</highlighttext> на базовом уровне. Знание SQL на уровне средний и выше.,Составление тест-плана. Оформление тест-кейсов. Проведение тестирования. Оформление контрольных точек для шаблона поставки. Автоматизация тестирования.
110116779,Программист-разработчик (начинающий Junior),30000,0,RUR,2024-11-05T12:10:24+0300,False,https://hh.ru/applicant/vacancy_response?vacancyId=110116779,"Писать техническую документацию, зарабатывая баллы в карму от коллег, которые перестанут теряться в коде. Будет круто, если ты имеешь небольшой...","Используя магию, предсказываем будущее: на основе сквозной аналитики прогнозируем, когда нужная партия угля будет готова к погрузке на борт судна. - "
110190520,QA-инженер \ QA-engineer,100000,130000,RUR,2024-11-06T04:07:41+0300,False,https://hh.ru/applicant/vacancy_response?vacancyId=110190520,Знания теории и принципов тестирования ПО. Опыт тестирования ПО (желательно от 2 лет). Написание и поддержка автотестов. Навыки работы с...,"...взаимодействие с командой разработки. Составление test cases. Написание и поддержка автотестов (java, kotlin, kotlin-js, <highlighttext>python</highlighttext>, spectron и т. д.)."
110236998,"Junior DevOps (Python, Linux)",0,85000,RUR,2024-11-06T12:57:23+0300,False,https://hh.ru/applicant/vacancy_response?vacancyId=110236998,Знание <highlighttext>Python</highlighttext>. Знание Linux. Приветствуется: Любой опыт работы с облаками и Kubernetes. Возможность оформления АйТи-отсрочки от армии (для военнообязанных).,
110081936,QA engineer (ручное тестирование),0,0,0,2024-11-05T06:07:31+0300,False,https://hh.ru/applicant/vacancy_response?vacancyId=110081936,"Умение анализировать логи для диагностики проблем. - Базовые навыки программирования или автоматизации тестов (<highlighttext>Python</highlighttext>, Shell-скрипты). - Опыт работы с Linux. ","Формирование планов тестирования и тест-кейсов. Проведение функционального, регрессионного и нагрузочного тестирования. Выполнение тестирования API. Проверка UI/UX на соответствие..."
109364540,Стажер Python-разработчик,0,80000,RUR,2024-10-26T22:17:31+0300,False,https://hh.ru/applicant/vacancy_response?vacancyId=109364540,Базовые знания <highlighttext>Python</highlighttext> и понимание основ ООП. Желателен опыт работы с библиотеками для работы с PDF и инструментами для распознавания...,Ищем начинающего <highlighttext>Python</highlighttext>-разработчика для работы над проектом по оцифровке PDF-документов. Задача — доработка и создание обработчиков для различных типов...
110307647,Python-разработчик,0,0,0,2024-11-07T12:02:40+0300,False,https://hh.ru/applicant/vacancy_response?vacancyId=110307647,Уверенное знание <highlighttext>Python</highlighttext> 3 и опыт работы с Django Rest Framework (DRF) и FastAPI от 2 лет. - Понимание принципов REST...,Разработка и поддержка REST API с использованием Django Rest Framework (DRF) и FastAPI. - Оптимизация производительности приложений и обеспечение высокой скорости...
110262767,QA ручной тестировщик (проект),0,130000,RUR,2024-11-06T17:45:10+0300,False,https://hh.ru/applicant/vacancy_response?vacancyId=110262767,"Желание учиться и развиваться в области тестирования. Будет плюсом: - Понимание работы <highlighttext>Python</highlighttext>, JS Vue/Nuxt. - Знания и опыт использования автоматизированных...",Ручное тестирование эндпоинтов API и верификация структур по swagger-спецификации. - Выполнение ручного тестирования веб-приложений и мобильных приложений. - 
110256732,BI-аналитик,400000,0,RUR,2024-11-06T16:05:17+0300,False,https://hh.ru/applicant/vacancy_response?vacancyId=110256732,"знание математической статистики и теории вероятностей. - знание <highlighttext>Python</highlighttext> (pandas, NumPy, matplotlib, Sklearn) и других BI-систем будет плюсом. - высшее образование.","развитие и поддержка существующей отчетности, разработка отчетов «с нуля». - сбор требований от заказчиков отчетов. - сбор и интеграция данных из различных..."
109548398,Junior Backend разработчик,0,0,0,2024-10-29T12:50:55+0300,False,https://hh.ru/applicant/vacancy_response?vacancyId=109548398,Знание PHP версии 8.0 и выше. Знание <highlighttext>Python</highlighttext>. Опыт работы с PHP MVC фреймворков (Symfony или Laravel). ,"Участие в разработке новых функциональных возможностей, а также в поддержке и улучшении существующего кода. Написание кода: Создание чистого, эффективного и..."
110219577,Junior IT специалист | Младший аналитик | Системный аналитик,80000,140000,RUR,2024-11-06T11:32:46+0300,False,https://hh.ru/applicant/vacancy_response?vacancyId=110219577,"Высшее образование (желательно техническое или математическое). Плюсом будет знание языков программирования (например, SQL, <highlighttext>Python</highlighttext>). Понимание принципов работы реляционных баз данных. ",Сбор и анализ требований к системам. Разработка технических заданий. Участие в проектировании систем. Тестирование программного обеспечения.
110227768,Middle Frontend-разработчик,1200,0,EUR,2024-11-06T12:12:34+0300,False,https://hh.ru/applicant/vacancy_response?vacancyId=110227768,"...для управления состоянием. Опыт с инструментами сборки, такими как Webpack или Vite. Знание CI/CD инструментов. Знание C, C++, <highlighttext>Python</highlighttext>.",Разработка новых пользовательских интерфейсов с использованием React или Vue.js. Поддержка существующих фронтенд-приложений. Написание тестов для обеспечения качества кода. 
110335683,Ведущий тестировщик,0,0,0,2024-11-07T17:40:40+0300,False,https://hh.ru/applicant/vacancy_response?vacancyId=110335683,"...Robot, Cucumber, SpecFlow, Fit[nesse] и т.д.). Уверенное знание одного из языков программирования (Java/<highlighttext>Python</highlighttext>/Golang). Навыки автоматизации тестирования.","Сбор, анализ и тестирование требований, планирование и выдача оценок, подготовка тестовых сред и тестовых окружений. Исследовательское тестирование, консультация разработчиков и..."
110126573,Аналитик / помощник аналитика (можно удаленно),0,0,0,2024-11-05T13:37:15+0300,False,https://hh.ru/applicant/vacancy_response?vacancyId=110126573,"В поиске аналитика / помощника аналитика. Желательно с опытом в области аналитики маркетинга, трафика, отделов продаж, моб.приложений или сайтов. ","...Аналитика (GTM, GA, BigQuery, коллтрекинги, Excel); Аналитика отдела продаж; Программирование SQL, Js, html, php, R, <highlighttext>python</highlighttext>; Интеграция CRM и сервисов."
109158236,Python (Django) Разработчик,100000,250000,RUR,2024-10-23T17:43:43+0300,False,https://hh.ru/applicant/vacancy_response?vacancyId=109158236,"Понимать продукт, вникать в бизнес-процессы. Опыт <highlighttext>Python</highlighttext> (Django) Backend разработки от 2-х лет. Опыт работы с Django Templates. ","Разработка и поддержка сервиса аналитики маркетплейсов на Django. Предлагать архитектурные решения, участвовать в проектировании архитектуры продукта. Мониторить производительность, оптимизировать где..."
110202463,Тестировщик — стажер в Сбер,0,71800,RUR,2024-11-06T09:51:26+0300,False,https://hh.ru/applicant/vacancy_response?vacancyId=110202463,Необходимые навыки: — Ansible. — Apache Kafka. — OpenShift. — REST API. — понимание микросервисной архитектуры.,изучать характеристики нагрузочных тестов. — измерять параметры при запуске тестов и их влияние. — производить подготовку стенда перед запуском нагрузочного тестирования. — 
110291970,Аналитик баз данных (junior),0,0,0,2024-11-07T10:27:11+0300,False,https://hh.ru/applicant/vacancy_response?vacancyId=110291970,"Высшее образование (Математическое/Информационные технологии). Понимание архитектуры данных. Опыт работы: с SQL, <highlighttext>Python</highlighttext> (про часть работы с бд), Airflow, Superset...","Анализ данных из систем-источников ( Postgres, greenplum). Построение отчетности на основе бизнес требований ( <highlighttext>Python</highlighttext> , Airflow, superset ). Подготовка технической документации и..."
110391947,Продуктовый аналитик (junior),80000,0,RUR,2024-11-08T10:50:21+0300,False,https://hh.ru/applicant/vacancy_response?vacancyId=110391947,"Знание SQL - уровень написания запросов к базе данных. Владение <highlighttext>Python</highlighttext> - базовый уровень обработки, анализа и визуализации данных. Опыт работы с...","Разработка и поддержка дашбордов в Metabase. Развитие регулярной отчетности по данному направлению, опционально - генерация гипотез. Выполнение ADHOC запросов бизнеса. "
109420687,Python-разработчик (Junior),75000,0,RUR,2024-11-08T11:17:36+0300,False,https://hh.ru/applicant/vacancy_response?vacancyId=109420687,Уверенные знания <highlighttext>Python</highlighttext>. Опыт работы с FastAPI / Flask. Знание основ SQL. Опыт работы с Linux. Понимание основ работы с сетями. ,Разработкой API. Разработкой и реализацией Unit-тестов. Написанием технической документации.
109564037,Junior Backend-разработчик Django,35000,0,RUR,2024-11-07T15:56:31+0300,False,https://hh.ru/applicant/vacancy_response?vacancyId=109564037,Опыт работы с <highlighttext>Python</highlighttext> и Django. Знание принципов проектирования баз данных и опыт работы с. PostgreSQL. Опыт разработки RESTful API...,Активами и интеграции с внешними финансовыми сервисами. Мы активно используем <highlighttext>Python</highlighttext> и Django для создания надежной и. Масштабируемой серверной архитектуры...
109592349,Python-разработчик (Junior),60000,0,RUR,2024-10-30T02:14:56+0300,False,https://hh.ru/applicant/vacancy_response?vacancyId=109592349,"Увлечен миром программирования и <highlighttext>Python</highlighttext> - твой любимый язык, ты легко осваиваешь новые технологии и любишь решать сложные задачи. ","Разрабатывать backend-часть веб-приложений на <highlighttext>Python</highlighttext>: Ты будешь создавать логику приложения, разрабатывать API и интегрировать его с базами данных. "
110130889,Разработчик Python,100000,200000,RUR,2024-11-05T14:30:36+0300,False,https://hh.ru/applicant/vacancy_response?vacancyId=110130889,"Опыт коммерческой разработки от 1 года. Уверенные знания <highlighttext>Python</highlighttext>, Git, Linux. Умение собирать и разворачивать проекты под ОС Linux. ","Разработка на <highlighttext>Python</highlighttext> скриптов. Работа с Raspberry. Работа с web socket. Разработка, организация и управление базами данных. Участие в разработке..."
110135402,Python разработчик,180000,350000,RUR,2024-11-05T15:21:38+0300,False,https://hh.ru/applicant/vacancy_response?vacancyId=110135402,Коммерческий опыт разработки на <highlighttext>Python</highlighttext> и использования Django / FastAPI от 3-х лет. Опыт работы с микросервисной архитектурой. ,"Участие в разработке проектов. Разработка backend (REST API ) для сервисов, как в рамках новых проектов, так и для уже существующих. "
110193554,Senior QA инженер (мануальное тестирование),0,0,0,2024-11-06T07:29:23+0300,False,https://hh.ru/applicant/vacancy_response?vacancyId=110193554,"Понимание SDLC и потребностей разработки. Умение тестировать требования к ПО. Опыт исследовательского тестирования. Умение формировать чек-лист, предугадывать поведение системы. ","Ручное функциональное, регрессионное, Smoke и приемочное тестирование Web приложений и Backend. Создание и актуализация тестовой документации: дизайн тест-кейсов, составление..."
109052250,Инженер по тестированию / QA Engineer,0,0,0,2024-10-22T12:00:32+0300,False,https://hh.ru/applicant/vacancy_response?vacancyId=109052250,Опыт работы с Docker\Postgresql\Etcd\Nginx\ProxmoxVE\Zabbix\AWX. Знание SQL. Хороший командный игрок. Базовые знания <highlighttext>Python</highlighttext>. ,"Разработка тест-кейсов, чек-листов, оформление тест-планов. Выполнение ручного тестирования (desktop приложения). Мониторинг/поддержание в рабочем состоянии стендов тестирования. "
110249813,Web-разработчик,50000,50000,RUR,2024-11-06T14:29:56+0300,False,https://hh.ru/applicant/vacancy_response?vacancyId=110249813,"Знание Javascript, HTML, CSS - обязательно. VueJS, <highlighttext>Python</highlighttext>, PHP, ArcGIS, QGIS, SQL - желательно.",
110257193,Аналитик геоданных,130000,150000,RUR,2024-11-06T16:12:05+0300,False,https://hh.ru/applicant/vacancy_response?vacancyId=110257193,"Высшее профессиональное образование в геологической сфере. Опыт работы в специализированных организациях от 3 лет. Владение специализированными программами (QGIS, ArcGIS). ","Ведение базы данных показателей состояния подземных вод и опасных геологических процессов (PostgreSQL). Анализ данных мониторинга (статистический, пространственный) подземных вод и..."
